smiles,pIC50,activity
C[S+]([O-])c1ccc(cc1)c2nc(c3ccc(F)cc3)c([nH]2)c4ccncc4,5.01,0
c1ccc(nc1)c2n[nH]cc2c3ccnc4ccccc34,7.150909090909092,1
Cc1cccc(n1)c2[nH]ncc2c3ccnc4ccccc34,8.053333333333333,1
Cc1cccc(n1)c2n[nH]cc2c3ccc(O)cc3,7.470000000000001,1
Cc1cccc(n1)c2[nH]ncc2c3ccc(F)c(F)c3,6.363333333333333,0
COc1ccc(cc1)c2cn(C)nc2c3cccc(C)n3,7.300000000000001,1
Brc1cccc(n1)c2[nH]ncc2c3ccnc4ccccc34,8.323333333333332,1
Clc1ccc(nc1)c2n[nH]cc2c3ccnc4ccccc34,5.609999999999999,0
Cc1cccc(n1)c2[nH]nc(C)c2c3ccnc4ccccc34,7.18,1
Cc1cccc(n1)c2[nH]ncc2c3ccccc3,5.8,0
FC(F)(F)c1cccc(c1)c2n[nH]cc2c3ccnc4ccccc34,6.5125,0
C(c1ccccc1)n2cc(c3ccnc4ccccc34)c(n2)c5ccccn5,6.2825,0
Fc1ccc(cc1)c2c[nH]nc2c3ccccn3,5.866666666666667,0
c1ccc(cc1)c2c[nH]nc2c3ccccn3,5.273333333333333,0
Cc1cccc(n1)c2[nH]ncc2c3ccc(F)cc3,7.136666666666667,1
Cc1cccc(n1)c2[nH]ncc2c3ccc(Cl)cc3,6.626666666666666,0
c1ccc(cc1)c2n[nH]cc2c3ccnc4ccccc34,6.074999999999999,0
Fc1ccc(nc1)c2n[nH]cc2c3ccnc4ccccc34,7.0575,1
C1CC1c2[nH]nc(c3ccccn3)c2c4ccnc5ccccc45,6.670000000000001,0
c1ccc(nc1)c2c[nH]nc2c3ccnc4ccccc34,6.3975,0
c1ccc2c(ccnc2c1)c3c[nH]nc3c4cccs4,6.0575,0
OC(=O)c1ccc(cc1)c2nc(c3ccc(F)cc3)c([nH]2)c4ccccn4,5.82,0
OCc1ccc(cc1)c2nc(c3ccccn3)c([nH]2)c4ccc5OCOc5c4,6.580000000000001,0
Fc1ccc(cc1)c2c(nc3SCCn23)c4ccccn4,5.8,0
OC(=O)c1ccc(cc1)c2nc(c3ccc4OCOc4c3)c([nH]2)c5ccccn5,6.77,0
Fc1ccc(cc1)c2c(nc3CCCn23)c4ccccn4,5.24,0
OC(=O)c1ccc(cc1)c2nc(c3ccc(F)cc3)c([nH]2)c4ccncc4,6.4,0
N#Cc1ccc(cc1)c2nc(c3ccc4OCOc4c3)c([nH]2)c5ccccn5,5.53,0
COc1ccc(cc1)c2c(nc3CCCn23)c4ccccn4,5.29,0
NC(=O)c1ccc(cc1)c2nc(c3ccccn3)c([nH]2)c4ccc5OCOc5c4,6.864166666666666,0
C1Cc2nc(c3ccccn3)c(c4ccc5OCOc5c4)n2C1,6.34,0
Nc1nc(c2ccccn2)c(s1)c3ccnc4ccccc34,6.359999999999999,0
Nc1nc(c2cccnc2)c(s1)c3ccnc4ccccc34,5.4,0
Nc1nc(c2ccccc2F)c(s1)c3ccnc4ccccc34,5.66,0
Nc1nc(c2cc(Cl)ccn2)c(s1)c3ccnc4ccccc34,5.99,0
Nc1nc(c2ccccn2)c(s1)c3ccnc4ncccc34,5.1,0
Nc1nc(c2ccccn2)c(s1)c3ccc4ncccc4n3,7.430000000000001,1
Cc1ccnc2ccc(nc12)c3sc(N)nc3c4ccccn4,7.09,1
Cc1cccc(n1)c2nc(N)sc2c3ccc4ncccc4n3,7.973333333333334,1
Nc1nc(c2ccc(F)cc2)c(s1)c3ccc4ncccc4n3,7.720000000000001,1
c1ccc(nc1)c2n[nH]cc2c3ccc4ncccc4n3,7.635,1
Cc1cccc(n1)c2n[nH]cc2c3ccc4ncccc4n3,8.125,1
Nc1nc(c2nccs2)c(s1)c3ccnc4ccccc34,5.68,0
Nc1nc(c2ccc(Cl)cn2)c(s1)c3ccnc4ccccc34,5.75,0
Nc1nc(c2ccccn2)c(s1)c3cccc4ccccc34,4.96,0
Nc1nc(c2ccccn2)c(s1)c3ccc4ccccc4n3,5.45,0
Cc1ccc2nccc(c3sc(N)nc3c4ccccn4)c2n1,6.473333333333334,0
Nc1nc(c2cccc(Cl)c2)c(s1)c3ccc4ncccc4n3,7.8975,1
C(COC1CCCCO1)Cn2cnc3cc(ccc23)c4c5CCCn5nc4c6ccccn6,5.205,0
Cc1cccc(n1)c2nn3CCCc3c2c4ccc5c(c4)ncn5CCCOC6CCCCO6,5.675000000000001,0
Cn1cnc2cc(ccc12)c3c4CCCn4nc3c5ccccn5,5.59,0
C1Cc2c(c3ccc4[nH]cnc4c3)c(nn2C1)c5ccccn5,6.074999999999999,0
C(CN1CCCC1)Cn2cnc3ccc(cc23)c4c5CCCn5nc4c6ccccn6,6.623333333333334,0
CN(C)CCCn1cnc2ccc(cc12)c3c4CCCn4nc3c5ccccn5,6.69,0
Cc1cccc(n1)c2nn3CCCc3c2c4ccc5ncn(CCCN6CCCCC6)c5c4,7.05,1
Cc1cccc(n1)c2nn3CCCc3c2c4ccc5ncn(CCCN6CCCC6)c5c4,7.029999999999999,1
Cc1cccc(n1)c2nn3CCCc3c2c4ccc5ncn(CCCN6CCOCC6)c5c4,7.016666666666667,1
CCN(CC)CCCn1cnc2ccc(cc12)c3c4CCCn4nc3c5cccc(C)n5,6.94,0
CN(C)CCCn1cnc2ccc(cc12)c3c4CCCn4nc3c5cccc(C)n5,7.175000000000001,1
OCCCn1cnc2ccc(cc12)c3c4CCCn4nc3c5ccccn5,7.1,1
Cc1cccc(n1)c2nn3CCCc3c2c4ccc5ncn(CCCO)c5c4,7.296666666666667,1
Cn1cnc2ccc(cc12)c3c4CCCn4nc3c5ccccn5,7.609999999999999,1
Cc1cccc(n1)c2nn3CCCc3c2c4ccc5ncn(C)c5c4,7.6,1
Cc1cccc(n1)c2nn3CCCc3c2c4ccc5[nH]cnc5c4,7.575,1
Cn1ccc2cc(ccc12)c3c4CCCn4nc3c5ccccn5,4.91,0
Cc1cccc(n1)c2nn3CCCc3c2c4ccc5c(ccn5C)c4,5.39,0
c1ccc(cc1)c2cc(ccn2)c3c[nH]nc3c4ccccn4,6.97,0
O=C(Nc1ccc(cc1)c2cc(ccn2)c3c[nH]nc3c4ccccn4)C5CCOCC5,6.95,0
CN(C1CCOCC1)C(=O)c2ccc(cc2)c3cc(ccn3)c4c[nH]nc4c5ccccn5,6.67,0
O=C(NC1CCOCC1)c2ccc(cc2)c3cc(ccn3)c4c[nH]nc4c5ccccn5,7.75,1
O=C(N1CCOCC1)c2ccc(cc2)c3cc(ccn3)c4c[nH]nc4c5ccccn5,6.91,0
O=C(N1CCCC1)c2ccc(cc2)c3cc(ccn3)c4c[nH]nc4c5ccccn5,6.96,0
COCCNC(=O)c1ccc(cc1)c2cc(ccn2)c3c[nH]nc3c4ccccn4,7.04,1
C(NC1CCOCC1)c2ccc(cc2)c3cc(ccn3)c4c[nH]nc4c5ccccn5,7.33,1
Cl.C(N1CCOCC1)c2ccc(cc2)c3cc(ccn3)c4c[nH]nc4c5ccccn5,7.38,1
C(N1CCCC1)c2ccc(cc2)c3cc(ccn3)c4c[nH]nc4c5ccccn5,7.72,1
C(Cn1ccnc1)Oc2ccc(cc2)c3cc(ccn3)c4c[nH]nc4c5ccccn5,7.52,1
C(CN1CCOCC1)Oc2ccc(cc2)c3cc(ccn3)c4c[nH]nc4c5ccccn5,7.92,1
C(CN1CCCC1)Oc2ccc(cc2)c3cc(ccn3)c4c[nH]nc4c5ccccn5,7.4,1
CN(C)CCOc1ccc(cc1)c2cc(ccn2)c3c[nH]nc3c4ccccn4,7.82,1
CC(=O)COc1ccc(cc1)c2cc(ccn2)c3c[nH]nc3c4ccccn4,7.6,1
ClCCOc1ccc(cc1)c2cc(ccn2)c3c[nH]nc3c4ccccn4,7.72,1
C(CC1CCCCC1)Oc2ccc(cc2)c3cc(ccn3)c4c[nH]nc4c5ccccn5,7.09,1
N#Cc1ccc(cc1)c2cc(ccn2)c3c[nH]nc3c4ccccn4,7.46,1
COC(=O)c1ccc(cc1)c2cc(ccn2)c3c[nH]nc3c4ccccn4,7.57,1
Clc1ccc(cc1)c2cc(ccn2)c3c[nH]nc3c4ccccn4,7.37,1
CC(C)c1ccc(cc1)c2cc(ccn2)c3c[nH]nc3c4ccccn4,7.5,1
Fc1ccc(cc1)c2cc(ccn2)c3c[nH]nc3c4ccccn4,7.32,1
COc1ccc(cc1)c2cc(ccn2)c3c[nH]nc3c4ccccn4,7.62,1
FC(F)(F)c1ccc(cc1)c2cc(ccn2)c3c[nH]nc3c4ccccn4,7.62,1
Cc1ccc(cc1)c2cc(ccn2)c3c[nH]nc3c4ccccn4,7.55,1
COc1cccc(c1)c2cc(ccn2)c3c[nH]nc3c4ccccn4,6.94,0
FC(F)(F)c1cccc(c1)c2cc(ccn2)c3c[nH]nc3c4ccccn4,6.62,0
Cc1cccc(c1)c2cc(ccn2)c3c[nH]nc3c4ccccn4,6.72,0
FC(F)(F)c1ccccc1c2cc(ccn2)c3c[nH]nc3c4ccccn4,5.03,0
Cc1ccccc1c2cc(ccn2)c3c[nH]nc3c4ccccn4,5.4,0
Fc1ccccc1c2cc(ccn2)c3c[nH]nc3c4ccccn4,7.23,1
Cc1cccc(n1)c2[nH]c(CNc3cccc(c3)C#N)nc2c4ccc5OCOc5c4,7.34,1
Cc1cccc(n1)c2[nH]c(NCc3ccc(cc3)C#N)nc2c4ccc5OCOc5c4,7.086666666666667,1
Cc1cccc(n1)c2[nH]c(NCc3cccc(c3)C#N)nc2c4ccc5OCOc5c4,7.62,1
CCc1cccc(n1)c2[nH]c(CNc3ccc(cc3)C(=O)N)nc2c4ccc5nccnc5c4,7.04,1
CCc1cccc(n1)c2[nH]c(CNc3cccc(c3)C(=O)N)nc2c4ccc5nccnc5c4,7.82,1
Cc1cccc(n1)c2[nH]c(CNc3ccc(cc3)C(=O)N)nc2c4ccc5nccnc5c4,7.12,1
Cc1cccc(n1)c2[nH]c(CNc3cccc(c3)C(=O)N)nc2c4ccc5nccnc5c4,8.0,1
CCc1cccc(n1)c2[nH]c(CNc3ccc(cc3)C(=O)N)nc2c4ccc5OCOc5c4,6.726666666666667,0
CCc1cccc(n1)c2[nH]c(CNc3cccc(c3)C(=O)N)nc2c4ccc5OCOc5c4,7.34,1
Cc1cccc(n1)c2[nH]c(CNc3ccc(cc3)C(=O)N)nc2c4ccc5OCOc5c4,6.946666666666666,0
Cc1cccc(n1)c2[nH]c(CNc3cccc(c3)C(=O)N)nc2c4ccc5OCOc5c4,7.68,1
CCc1cccc(n1)c2[nH]c(CNc3ccc(cc3)C#N)nc2c4ccc5nccnc5c4,7.330000000000001,1
CCc1cccc(n1)c2[nH]c(CNc3cccc(c3)C#N)nc2c4ccc5nccnc5c4,6.92,0
Cc1cccc(n1)c2[nH]c(CNc3ccc(cc3)C#N)nc2c4ccc5nccnc5c4,7.38,1
Cc1cccc(n1)c2[nH]c(CNc3cccc(c3)C#N)nc2c4ccc5nccnc5c4,7.92,1
CCc1cccc(n1)c2[nH]c(CNc3ccc(cc3)C#N)nc2c4ccc5OCOc5c4,6.44,0
CCc1cccc(n1)c2[nH]c(CNc3cccc(c3)C#N)nc2c4ccc5OCOc5c4,7.14,1
Cc1cccc(n1)c2[nH]c(CNc3ccc(cc3)C#N)nc2c4ccc5OCOc5c4,6.956666666666666,0
Fc1ccc(Cl)cc1c2nc(Nc3ccncc3)c4nccnc4n2,7.28,1
Fc1ccc(Br)cc1c2nc(Nc3ccncc3C(=O)NCCCN4CCCC4=O)c5nccnc5n2,8.49,1
COc1ccc2cc(ccc2c1)c3c(nc(c4ccc(cc4C)[S+](C)[O-])n3C)c5ccncc5,6.53,0
NC(=O)c1ccc(cc1)c2nc(c3ccc4OCCOc4c3)c([nH]2)c5ccccn5,6.3,0
Clc1cc(c2c3CCCn3nc2c4ccccn4)c5ccccc5n1,4.7,0
CN(C)C(=O)c1ccc(Oc2ccc3c(ccnc3c2)c4c5CCCn5nc4c6ccccn6)cc1,5.96,0
OC(=O)c1ccc(Oc2ccc3c(ccnc3c2)c4c5CCCn5nc4c6ccccn6)cc1,5.32,0
NC(=O)c1ccc(Oc2ccc3c(ccnc3c2)c4c5CCCn5nc4c6ccccn6)cc1,5.96,0
N#Cc1ccc(Oc2ccc3c(ccnc3c2)c4c5CCCn5nc4c6ccccn6)cc1,5.92,0
CN1CCCC1CCCOc2ccc3c(ccnc3c2)c4c5CCCn5nc4c6ccccn6,7.14,1
C(Oc1ccc2c(ccnc2c1)c3c4CCCn4nc3c5ccccn5)C6CCCO6,6.89,0
CN1CCN(CC1)C(=O)COc2ccc3c(ccnc3c2)c4c5CCCn5nc4c6ccccn6,7.31,1
CN(C)CCCCCOc1ccc2c(ccnc2c1)c3c4CCCn4nc3c5ccccn5,7.33,1
C(CN1CCOCC1)Oc2ccc3c(ccnc3c2)c4c5CCCn5nc4c6ccccn6,7.16,1
CN1CCN(CCOc2ccc3c(ccnc3c2)c4c5CCCn5nc4c6ccccn6)CC1,7.0,1
CCN(C)CCOc1ccc2c(ccnc2c1)c3c4CCCn4nc3c5ccccn5,7.07,1
CN(C)CCOc1ccc2c(ccnc2c1)c3c4CCCn4nc3c5ccccn5,7.62,1
ClCCOc1ccc2c(ccnc2c1)c3c4CCCn4nc3c5ccccn5,7.48,1
CN1CCN(CCCOc2ccc3c(ccnc3c2)c4c5CCCn5nc4c6ccccn6)CC1,7.13,1
Oc1ccc2c(ccnc2c1)c3c4CCCn4nc3c5ccccn5,6.8,0
CN(C)CCNC(=O)c1ccc2nccc(c3c4CCCn4nc3c5cccc(C)n5)c2c1,6.71,0
COC(=O)c1ccc2nccc(c3c4CCCn4nc3c5cccc(C)n5)c2c1,6.28,0
Cc1cccc(n1)c2nn3CCCc3c2c4ccnc5ccc(OC(F)(F)F)cc45,6.85,0
Cc1cccc(n1)c2nn3CCCc3c2c4ccnc5ccc(Br)cc45,7.05,1
Cc1cccc(n1)c2nn3CCCc3c2c4ccnc5c(F)cccc45,6.03,0
COc1cc(OC)c2nccc(c3c4CCCn4nc3c5cccc(C)n5)c2c1,5.42,0
CN(C)Cc1ccc(Oc2ccc3c(ccnc3c2)c4c5CCCn5nc4c6ccccn6)cc1,6.12,0
COc1cc2nccc(Oc3ccccc3C(=O)c4ccccc4)c2cc1OC,4.8,0
Cl.COc1cc2nccc(Oc3ccc(C)cc3C(=O)c4ccccc4)c2cc1OC,5.57,0
COc1cc2nccc(Oc3ccc(C)cc3C(=O)C)c2cc1OC,5.36,0
COc1cc2nccc(Oc3cc(C)c(C)cc3C(=O)C)c2cc1OC,6.2,0
Cc1cccc(n1)c2[nH]c(Cc3cccc(c3)C(=O)N)nc2c4ccc5nccnc5c4,7.533636363636362,1
Cc1cccc(n1)c2nc(N)sc2c3ccc4nccnc4c3,8.29,1
Cc1nc(ccc1F)c2nc(N)[nH]c2c3ccc4nccnc4c3,8.31,1
CC(=O)Nc1nc(c2ccc(F)c(C)n2)c([nH]1)c3ccc4ncnn4c3,7.82,1
CC(=O)Nc1nc(c2cccc(C)n2)c([nH]1)c3ccc4ncnn4c3,7.654999999999999,1
Cc1nc(ccc1F)c2nc([nH]c2c3ccc4ncnn4c3)N5CCN(CC5)S(=O)(=O)C,7.449999999999999,1
CC(=O)Nc1nc(c2ccc(F)c(C)n2)c([nH]1)c3ccc4nccnc4c3,7.45,1
COCC(=O)Nc1nc(c2ccc(F)c(C)n2)c([nH]1)c3ccc4nccnc4c3,7.675000000000001,1
CCC(=O)Nc1nc(c2ccc(F)c(C)n2)c([nH]1)c3ccc4nccnc4c3,7.4350000000000005,1
Cc1nc(ccc1F)c2nc([nH]c2c3ccc4ncnn4c3)N5CCOCC5,7.055,1
CC(=O)N1CCN(CC1)c2nc(c3ccc(F)c(C)n3)c([nH]2)c4ccc5ncnn5c4,6.865,0
CN1CCN(CC1)c2nc(c3ccc(F)c(C)n3)c([nH]2)c4ccc5ncnn5c4,7.125,1
COCCC(=O)Nc1nc(c2ccc(F)c(C)n2)c([nH]1)c3ccc4nccnc4c3,7.275,1
Cc1nc(ccc1F)c2nc([nH]c2c3ccc4ncnn4c3)N5CCCCC5,7.27,1
N(c1ccncc1)c2nc(nc3ccccc23)c4ccccc4,6.16,0
Clc1cccc(c1)c2nc(Nc3ccncc3)c4ccccc4n2,6.55,0
Cc1csc(n1)c2nc(Nc3ccncc3)c4ccccc4n2,7.085,1
Cc1cccc(n1)c2nc(Nc3ccncc3)c4ccccc4n2,7.31,1
Cc1cccc(n1)c2nc(Nc3ccnc(C)c3)c4ccccc4n2,6.345000000000001,0
Cc1cccc(n1)c2nc(Nc3cccc(c3)C(=O)N)c4ccccc4n2,6.42,0
Cc1cccc(n1)c2nc(Nc3ccncn3)c4ccccc4n2,7.3100000000000005,1
Cc1cccc(n1)c2nc(Nc3ccc4[nH]ncc4c3)c5ccccc5n2,7.324999999999999,1
Cc1cccc(n1)c2nc(Nc3ccc4c(cnn4C)c3)c5ccccc5n2,6.165,0
Cc1cccc(n1)c2nc(Nc3ccc4ncsc4c3)c5ccccc5n2,6.19,0
Cc1cccc(n1)c2nc(Nc3ccc4nn[nH]c4c3)c5ccccc5n2,5.43,0
Cc1cccc(n1)c2nc(C)cc(Nc3ccncc3)n2,6.58,0
Cc1cccc(n1)c2nc(Nc3ccncc3)c4c(C)csc4n2,7.15,1
Cc1cccc(n1)c2nc(Nc3ccncc3)c4sccc4n2,7.4399999999999995,1
Cc1cccc(n1)c2cc(Nc3ccncc3)c4ccccc4n2,7.45,1
Cc1cccc(n1)c2[nH]c(nc2c3ccc4OCOc4c3)C(C)(C)C,7.234444444444445,1
Fc1ccc(Nc2ncnc3cc(OCCCN4CCOCC4)c(NC(=O)C=C)cc23)cc1Cl,5.02,0
Cc1nc(Nc2ncc(s2)C(=O)Nc3c(C)cccc3Cl)cc(n1)N4CCN(CCO)CC4,6.64,0
CN[C@@H]1C[C@H]2O[C@@](C)([C@@H]1OC)n3c4ccccc4c5c6CNC(=O)c6c7c8ccccc8n2c7c35,5.5200000000000005,0
COc1cc(Nc2cc(Oc3cc(C)c(C)nc3c4ccccn4)ccn2)cc(OC)c1OC,7.3100000000000005,1
COc1cc(Nc2cc(Oc3ccc(C)nc3c4ccccn4)ccn2)cc(OC)c1OC,7.795,1
COc1cc(Nc2cc(Oc3ccc(C)nc3C)ccn2)cc(OC)c1OC,7.57,1
COc1cc(Nc2cc(Oc3cccnc3)ccn2)cc(OC)c1OC,6.64,0
COc1cc(Nc2cc(Oc3ccc(C)nc3)ccn2)cc(OC)c1OC,6.76,0
COc1cc(Nc2cc(Oc3cccnc3C)ccn2)cc(OC)c1OC,6.585,0
COc1ccccc1Nc2cc(Oc3cc(C)c(C)nc3c4ccccn4)ccn2,7.545,1
Cc1cc(Oc2ccnc(Nc3ccccc3N4CCOCC4)c2)c(nc1C)c5ccccn5,6.13,0
COc1cccc(Nc2cc(Oc3cc(C)c(C)nc3c4ccccn4)ccn2)c1,7.95,1
Cc1cc(Oc2ccnc(Nc3cccc(c3)N4CCOCC4)c2)c(nc1C)c5ccccn5,7.715,1
COc1ccc(Nc2cc(Oc3cc(C)c(C)nc3c4ccccn4)ccn2)cc1,7.49,1
Cc1cc(Oc2ccnc(Nc3ccc(cc3)N4CCOCC4)c2)c(nc1C)c5ccccn5,6.9,0
Cc1cc(Oc2ccnc(Nc3ccc(cc3)S(=O)(=O)N)c2)c(nc1C)c4ccccn4,7.625,1
CN(C)C(=O)c1ccc(Nc2cc(Oc3cc(C)c(C)nc3c4ccccn4)ccn2)cc1,7.715,1
Cc1cc(Oc2ccnc(Nc3ccc(F)cc3)c2)c(nc1C)c4ccccn4,7.045,1
Cc1ccc(Oc2ccnc(Nc3ccc(cc3)S(=O)(=O)N)c2)c(C)n1,7.4,1
Cc1cccnc1c2nc(N)sc2c3ccc4ncccc4n3,8.22,1
CN(C)CCNC(=O)Nc1ccc2c(ccnc2c1)c3c4CCCn4nc3c5ccccn5,7.75,1
Cc1cccc(n1)c2nn3CCCc3c2c4ccc(O)cc4,7.33,1
Cc1cccc(n1)c2nn3CCCc3c2c4ccnc5ccccc45,7.11,1
Fc1ccc(nc1)c2nn3CCCc3c2c4ccnc5ccccc45,6.82,0
Fc1ccc(cc1)c2c3CCCn3nc2c4cccc(n4)C(F)(F)F,6.06,0
CS(=O)(=O)c1ccc(cc1)c2c3CCCn3nc2c4ccccn4,4.71,0
CCc1nc([nH]c1c2ccncc2)c3ccc(OC)cc3,4.52,0
CN(C)CCCc1cccc(c1)c2cc(ccn2)c3c[nH]nc3c4ccccn4,7.82,1
CC(C)c1nc(c2cccc(C)n2)c([nH]1)c3ccnc(c3)c4ccc(cc4)C(=O)NC5CCOCC5,7.6,1
OC(=O)c1ccc(cc1)c2cc(ccn2)c3c[nH]nc3c4ccccn4,7.57,1
Cc1cccc2ccc(nc12)c3sc(N)nc3c4ccccn4,7.52,1
OCCC(=O)Nc1ccc2c(ccnc2c1)c3c4CCCn4nc3c5ccccn5,7.5,1
COCCC(=O)Nc1ccc2c(ccnc2c1)c3c4CCCn4nc3c5ccccn5,7.47,1
COC(=O)Nc1ccc2c(ccnc2c1)c3c4CCCn4nc3c5ccccn5,7.4,1
C(N1CCOCC1)c2ccc(cc2)c3cc(ccn3)c4c[nH]nc4c5ccccn5,7.38,1
C(NC1CCCOC1)c2ccc(cc2)c3cc(ccn3)c4c[nH]nc4c5ccccn5,7.33,1
Cc1cccc(n1)c2nn3CCCc3c2c4ccnc5cc(Cl)ccc45,7.32,1
Clc1ccc2c(ccnc2c1)c3c4CCCn4nc3c5ccccn5,7.27,1
Nc1ccc2c(ccnc2c1)c3c4CCCn4nc3c5ccccn5,7.23,1
CN(C)CC(=O)Nc1ccc2c(ccnc2c1)c3c4CCCn4nc3c5ccccn5,7.19,1
CCc1cccc(n1)c2nn3CCCc3c2c4ccnc5ccccc45,7.15,1
OCCOC(=O)Nc1ccc2c(ccnc2c1)c3c4CCCn4nc3c5ccccn5,7.1,1
CC(=O)Nc1ccc2c(ccnc2c1)c3c4CCCn4nc3c5ccccn5,7.06,1
CCOc1ccc2c(ccnc2c1)c3c4CCCn4nc3c5cccc(C)n5,7.06,1
C1Cc2c(c3ccnc4ccccc34)c(nn2C1)c5ccccn5,6.98,0
O=C(CN1CCCC1)Nc2ccc(cc2)c3cc(ccn3)c4c[nH]nc4c5ccccn5,6.96,0
CCSc1ccc2c(ccnc2c1)c3c4CCCn4nc3c5ccccn5,6.96,0
CCc1cccc(n1)c2[nH]c(CNc3cccc(c3)C#C)nc2c4ccc5nccnc5c4,6.92,0
Cc1cccc(n1)c2[nH]c(NCc3ccc(cc3)C#C)nc2c4ccc5OCOc5c4,6.82,0
Cc1cccc(n1)c2[nH]c(CNc3ccc(cc3)C#C)nc2c4ccc5OCOc5c4,6.76,0
CN(C)CCCNC(=O)Nc1ccc2c(ccnc2c1)c3c4CCCn4nc3c5ccccn5,6.59,0
Cc1cccc(n1)c2nn3CCCc3c2c4ccc(F)c(F)c4,6.46,0
CN(C)CCCn1cnc2cc(ccc12)c3c4CCCn4nc3c5ccccn5,6.4,0
COc1ccc(cc1)c2c3CCCn3nc2c4ccccn4,6.19,0
CC(C)c1cccc(n1)c2nn3CCCc3c2c4ccnc5ccccc45,5.89,0
Cc1cccc(n1)c2nn3CCCc3c2c4ccc(F)cc4,5.88,0
Cc1cccc(n1)c2nn3CCCc3c2c4ccc5c(c4)ncn5C,5.77,0
Nc1nc(c2cccc(Cl)n2)c(s1)c3ccnc4ccccc34,5.75,0
OCc1cccc(n1)c2nn3CCCc3c2c4ccc(F)cc4,5.58,0
Cc1ccc(cc1)c2c3CCCn3nc2c4cccc(C)n4,5.4,0
C[S+]([O-])c1ccc(cc1)C2=NC(C(N2)c3ccncc3)c4ccc(F)cc4,5.22,0
CCS(=O)(=O)c1ccc2c(ccnc2c1)c3c4CCCn4nc3c5ccccn5,5.03,0
Fc1ccc(cc1)C2C(NC3SCCN23)c4ccncc4,4.3,0
CN1N(C)C(=C(C1=O)c2ccccn2)c3ccc4nccnc4c3,6.865,0
CN1N(C)C(=C(C1=O)c2cccc(C)n2)c3ccc4nccnc4c3,7.1450000000000005,1
CN1N(C)C(=C(C1=O)c2ccccc2)c3ccc4nccnc4c3,7.11,1
CN1N(C)C(=C(C1=O)c2cccc(C)c2)c3ccc4nccnc4c3,6.609999999999999,0
CN1N(C)C(=C(C1=O)c2ccccc2O)c3ccc4nccnc4c3,4.11,0
CN1N(C)C(=C(C1=O)c2cccc(O)c2)c3ccc4nccnc4c3,4.28,0
CN1N(C)C(=C(C1=O)c2cccc(c2)C#N)c3ccc4nccnc4c3,4.35,0
CCc1cccc(c1)C2=C(N(C)N(C)C2=O)c3ccc4nccnc4c3,7.315,1
CN1N(C)C(=C(C1=O)c2cccc(C=C)c2)c3ccc4nccnc4c3,7.085,1
CSc1cccc(c1)C2=C(N(C)N(C)C2=O)c3ccc4nccnc4c3,7.22,1
COc1cccc(c1)C2=C(N(C)N(C)C2=O)c3ccc4nccnc4c3,6.775,0
CN1N(C)C(=C(C1=O)c2cccc(c2)C(F)(F)F)c3ccc4nccnc4c3,6.46,0
COCc1cccc(c1)C2=C(N(C)N(C)C2=O)c3ccc4nccnc4c3,6.445,0
CN1N(C)C(=C(C1=O)c2cccc(CO)c2)c3ccc4nccnc4c3,6.43,0
CN1N(C)C(=C(C1=O)c2cccc(CC#N)c2)c3ccc4nccnc4c3,6.49,0
CN1N(C)C(=C(C1=O)c2cccc(c2)C(=O)C)c3ccc4nccnc4c3,6.39,0
COC(=O)c1cccc(c1)C2=C(N(C)N(C)C2=O)c3ccc4nccnc4c3,6.36,0
CN1N(C)C(=C(C1=O)c2cccc(F)c2)c3ccc4nccnc4c3,6.555,0
CN1N(C)C(=C(C1=O)c2cccc(Cl)c2)c3ccc4nccnc4c3,6.72,0
CN1N(C)C(=C(C1=O)c2cccc(Br)c2)c3ccc4nccnc4c3,7.29,1
CN1N(C)C(=C(C1=O)c2cccc(NS(=O)(=O)C)c2)c3ccc4nccnc4c3,7.72,1
CN1N(C)C(=C(C1=O)c2cccc(NC(=O)C)c2)c3ccc4nccnc4c3,6.04,0
CN1N(C)C(=C(C1=O)c2occc2)c3ccc4nccnc4c3,6.72,0
CN1N(C)C(=C(C1=O)c2cocc2)c3ccc4nccnc4c3,7.14,1
CN1N(C)C(=C(C1=O)c2cccs2)c3ccc4nccnc4c3,6.44,0
CN1N(C)C(=C(C1=O)c2ccsc2)c3ccc4nccnc4c3,7.27,1
CN1N(C)C(=C(C1=O)c2ccc3nonc3c2)c4ccc5nccnc5c4,6.19,0
CN1N(C)C(=C(C1=O)c2csc3ccccc23)c4ccc5nccnc5c4,5.73,0
CN1N(C)C(=C(C1=O)c2ccc3[nH]ccc3c2)c4ccc5nccnc5c4,5.95,0
Cc1cccc(n1)c2[nH]c(nc2c3ccc4nccnc4c3)C(C)(C)C,6.79,0
Cc1cccc(n1)c2cn(Cc3cccc(c3)C(=O)N)nc2c4ccc5ncccc5c4,7.21,1
Cc1cccc(n1)c2cn(Cc3cccc(c3)C#N)nc2c4ccc5ncccc5c4,7.47,1
Cc1cccc(n1)c2nn(Cc3cccc(c3)C(=O)N)cc2c4ccc5ncccc5n4,6.59,0
Cc1cccc(n1)c2nn(Cc3cccc(c3)C(=O)N)cc2c4ccc5ncccc5c4,6.88,0
Cc1cccc(n1)c2nn(Cc3cccc(c3)C#N)cc2c4ccc5ncccc5n4,6.5,0
Cc1cccc(n1)c2nn(Cc3cccc(c3)C#N)cc2c4ccc5ncccc5c4,6.64,0
Cc1cccc(n1)c2[nH]c(Cc3cccc(c3)C(=O)N)nc2c4ccc5ncccc5n4,5.58,0
Cc1cccc(n1)c2[nH]c(Cc3cccc(c3)C(=O)N)nc2c4ccc5ncccc5c4,7.47,1
Cc1cccc(n1)c2[nH]c(Cc3cccc(c3)C#N)nc2c4ccc5ncccc5n4,5.65,0
Cc1cccc(n1)c2[nH]c(Cc3cccc(c3)C#N)nc2c4ccc5ncccc5c4,7.58,1
C[C@]12O[C@H](C[C@]1(O)CO)n3c4ccccc4c5c6C(=O)NCc6c7c8ccccc8n2c7c35,6.92,0
CCN(C)C(=O)c1ccc2\C(=C(\Nc3ccc(CN4CCCCC4)cc3)/c5ccccc5)\C(=O)Nc2c1,7.225,1
CCNC(=O)c1ccc2\C(=C(\Nc3ccc(CN4CCCCC4)cc3)/c5ccccc5)\C(=O)Nc2c1,7.37,1
CNC(=O)c1ccc2\C(=C(\Nc3ccc(CN4CCCCC4)cc3)/c5ccccc5)\C(=O)Nc2c1,7.5,1
CN(C)C(=O)c1ccc2\C(=C(\Nc3ccc(CN4CCCCC4)cc3)/c5ccccc5)\C(=O)Nc2c1,7.035,1
CCCCNC(=O)c1ccc2\C(=C(\Nc3ccc(CN4CCCCC4)cc3)/c5ccccc5)\C(=O)Nc2c1,6.505,0
O=C(C1CCCN1)c2ccc3\C(=C(\Nc4ccc(CN5CCCCC5)cc4)/c6ccccc6)\C(=O)Nc3c2,6.385,0
CC(C)NC(=O)c1ccc2\C(=C(\Nc3ccc(CN4CCCCC4)cc3)/c5ccccc5)\C(=O)Nc2c1,6.325,0
NC(=O)c1ccc2\C(=C(\Nc3ccc(CN4CCCCC4)cc3)/c5ccccc5)\C(=O)Nc2c1,6.43,0
OCCNC(=O)c1ccc2\C(=C(\Nc3ccc(CN4CCCCC4)cc3)/c5ccccc5)\C(=O)Nc2c1,6.37,0
CCN(CC)C(=O)c1ccc2\C(=C(\Nc3ccc(CN4CCCCC4)cc3)/c5ccccc5)\C(=O)Nc2c1,6.2,0
O=C(NCc1ccccc1)c2ccc3\C(=C(\Nc4ccc(CN5CCCCC5)cc4)/c6ccccc6)\C(=O)Nc3c2,5.82,0
O=C1Nc2ccccc2/C/1=C(/Nc3ccc(CN4CCCCC4)cc3)\c5ccccc5,5.46,0
CN(C)C(=O)c1ccc2NC(=O)\C(=C(/Nc3ccc(CN4CCCCC4)cc3)\c5ccccc5)\c2c1,6.715,0
CCNC(=O)c1ccc2\C(=C(\Nc3ccc(cc3)N(CCN(C)C)S(=O)(=O)C)/c4ccccc4)\C(=O)Nc2c1,7.984999999999999,1
CCN(C)C(=O)c1ccc2\C(=C(\Nc3ccc(cc3)N(CCN(C)C)S(=O)(=O)C)/c4ccccc4)\C(=O)Nc2c1,7.415,1
CCNC(=O)c1ccc2\C(=C(\Nc3ccc(cc3)N(CCN(C)C)C(=O)C)/c4ccccc4)\C(=O)Nc2c1,7.244999999999999,1
CCN(C)C(=O)c1ccc2\C(=C(\Nc3ccc(cc3)N(CCN(C)C)C(=O)C)/c4ccccc4)\C(=O)Nc2c1,7.545,1
CCNC(=O)c1ccc2\C(=C(\Nc3ccc(cc3)N(CCCN(C)C)C(=O)C)/c4ccccc4)\C(=O)Nc2c1,7.21,1
CCN(C)C(=O)c1ccc2\C(=C(\Nc3ccc(cc3)N(CCCN(C)C)C(=O)C)/c4ccccc4)\C(=O)Nc2c1,7.220000000000001,1
CCNC(=O)c1ccc2\C(=C(\Nc3ccc(cc3)N(C)C(=O)CN4CCN(C)CC4)/c5ccccc5)\C(=O)Nc2c1,6.955,0
CCN(C)C(=O)c1ccc2\C(=C(\Nc3ccc(cc3)N(C)C(=O)CN4CCN(C)CC4)/c5ccccc5)\C(=O)Nc2c1,7.115,1
CCNC(=O)c1ccc2\C(=C(\Nc3ccc(CN(C)C)cc3)/c4ccccc4)\C(=O)Nc2c1,7.225,1
CCNC(=O)c1ccc2\C(=C(\Nc3ccc(cc3)N(C)C(=O)CN(C)C)/c4ccccc4)\C(=O)Nc2c1,6.465,0
CCN(C)C(=O)c1ccc2\C(=C(\Nc3ccc(cc3)N(C)C(=O)CN(C)C)/c4ccccc4)\C(=O)Nc2c1,6.98,0
CCNCc1ccc(N\C(=C\2/C(=O)Nc3cc(ccc23)C(=O)N(C)CC)\c4ccccc4)cc1,7.15,1
CCNC(=O)c1ccc2\C(=C(\Nc3ccc(cc3)C(=O)NCCN(CC)CC)/c4ccccc4)\C(=O)Nc2c1,6.890000000000001,0
CCN(CC)CCNC(=O)c1ccc(N\C(=C\2/C(=O)Nc3cc(ccc23)C(=O)N(C)CC)\c4ccccc4)cc1,6.73,0
CCNC(=O)c1ccc2\C(=C(\Nc3ccc(CCN(C)C)cc3)/c4ccccc4)\C(=O)Nc2c1,7.1,1
CCN(C)C(=O)c1ccc2\C(=C(\Nc3ccc(CCN(C)C)cc3)/c4ccccc4)\C(=O)Nc2c1,6.890000000000001,0
CCN(C)C(=O)c1ccc2\C(=C(\Nc3ccc(cc3)N(CC(=O)N(C)C)S(=O)(=O)C)/c4ccccc4)\C(=O)Nc2c1,7.07,1
CCN(C)C(=O)c1ccc2\C(=C(\Nc3ccc(cc3)N(C)S(=O)(=O)C)/c4ccccc4)\C(=O)Nc2c1,6.64,0
CCN(CC)Cc1cccc(N\C(=C\2/C(=O)Nc3cc(ccc23)C(=O)N(C)CC)\c4ccccc4)c1,6.21,0
CCN(C)C(=O)c1ccc2\C(=C(\Nc3ccc(cc3)C(=O)O)/c4ccccc4)\C(=O)Nc2c1,6.11,0
CCN(C)C(=O)c1ccc2\C(=C(\Nc3ccc(cc3)C(=O)OC)/c4ccccc4)\C(=O)Nc2c1,5.71,0
CCN(C)C(=O)c1ccc2\C(=C(\Nc3ccccc3)/c4ccccc4)\C(=O)Nc2c1,5.59,0
CCNC(=O)c1ccc2\C(=C\Nc3ccc(cc3)N(CCCN(C)C)C(=O)C)\C(=O)Nc2c1,6.994999999999999,0
CCNC(=O)c1ccc2\C(=C\Nc3ccc(cc3)N(C)C(=O)CN4CCN(C)CC4)\C(=O)Nc2c1,6.74,0
CCNC(=O)c1ccc2\C(=C\Nc3ccc(CN4CCCCC4)cc3)\C(=O)Nc2c1,6.79,0
CCNC(=O)c1ccc2\C(=C\Nc3ccc(cc3)N(C)C(=O)CN(C)C)\C(=O)Nc2c1,6.32,0
Cc1cccc(n1)c2nn(CC(=O)Nc3ccccc3)cc2c4ccc5ncccc5c4,6.68,0
Cc1cccc(n1)c2nn(CC(=O)Nc3cccc(c3)C#N)cc2c4ccc5ncccc5c4,7.66,1
Cc1cccc(n1)c2nn(CC(=O)Nc3cccc(c3)C(=O)N)cc2c4ccc5ncccc5c4,7.12,1
Cc1cccc(n1)c2nn(CCC(=O)Nc3ccccc3)cc2c4ccc5ncccc5c4,7.6,1
Cc1cccc(n1)c2nn(CCC(=O)Nc3cccc(c3)C#N)cc2c4ccc5ncccc5c4,7.0,1
Cc1cccc(n1)c2nn(CC(=S)Nc3ccccc3)cc2c4ccc5ncccc5c4,7.03,1
Cc1cccc(n1)c2nn(CC(=S)Nc3cccc(c3)C#N)cc2c4ccc5ncccc5c4,7.29,1
Cc1cccc(n1)c2nn(CCC(=S)Nc3ccccc3)cc2c4ccc5ncccc5c4,7.06,1
C[C@@H]1CCCCN1c2cc(nc(N)n2)c3ccc4c(N)n[nH]c4c3,5.1,0
C[C@@H]1CC[C@@H](CN1c2cc(nc(N)n2)c3ccc4c(N)[nH]nc4c3)C(=O)Nc5ccccc5,5.2,0
Nc1nccc(n1)c2ccc3c(N)n[nH]c3c2,5.8,0
Cc1cc(nc(N)n1)c2ccc3c(N)n[nH]c3c2,5.1,0
CC(C)c1cc(nc(N)n1)c2ccc3c(N)n[nH]c3c2,5.7,0
Nc1nc(cc(n1)c2ccc3c(N)n[nH]c3c2)c4ccccc4,5.5,0
COc1cc(nc(N)n1)c2ccc3c(N)n[nH]c3c2,5.5,0
CNc1cc(nc(N)n1)c2ccc3c(N)n[nH]c3c2,6.4,0
CCNc1cc(nc(N)n1)c2ccc3c(N)[nH]nc3c2,6.3,0
CC(C)Nc1cc(nc(N)n1)c2ccc3c(N)n[nH]c3c2,6.3,0
Nc1nc(NC2CCCC2)cc(n1)c3ccc4c(N)n[nH]c4c3,6.4,0
Nc1nc(Nc2ccccc2)cc(n1)c3ccc4c(N)n[nH]c4c3,7.6,1
CN(C)c1cc(nc(N)n1)c2ccc3c(N)n[nH]c3c2,5.3,0
Cc1cccc(n1)c2nn(CCC(=S)Nc3cccc(c3)C#N)cc2c4ccc5ncccc5c4,6.63,0
CC(C)c1nc(c2ccc(F)c(NS(=O)(=O)c3c(F)cccc3F)c2)c(s1)c4ccnc(Nc5ccc(nc5)N6CCOCC6)n4,8.0,1
Cc1cccc(n1)c2nn(CC(=O)Nc3ccccc3)cc2c4ccc5nccnc5c4,7.42,1
Cc1cccc(n1)c2nn(CC(=O)Nc3cccc(c3)C#N)cc2c4ccc5nccnc5c4,6.82,0
Cc1cccc(n1)c2c(cnn2CC(=O)Nc3ccccc3)c4ccc5nccnc5c4,6.84,0
Cc1cccc(n1)c2c(cnn2CC(=O)Nc3cccc(c3)C#N)c4ccc5nccnc5c4,6.13,0
Cc1cccc(n1)c2nn(CCC(=O)Nc3ccccc3)cc2c4ccc5nccnc5c4,7.09,1
Cc1cccc(n1)c2nn(CC(=S)Nc3ccccc3)cc2c4ccc5nccnc5c4,7.89,1
Cc1cccc(n1)c2nn(CC(=S)Nc3cccc(c3)C#N)cc2c4ccc5nccnc5c4,7.58,1
Cc1cccc(n1)c2nn(CC(=O)Nc3cccc(c3)C(=O)N)cc2c4ccc5nccnc5c4,7.32,1
Cl.Cc1cccc(n1)c2[nH]c(nc2c3ccc4OCOc4c3)C(C)(C)C,6.919999999999999,0
Cc1cccc(n1)c2nn(cc2c3ccc4nc(C)nn4c3)C(=S)Nc5cccc(c5)C(=O)N,6.175,0
Cc1cccc(n1)c2nn(cc2c3ccc4nc(C)nn4c3)C(=S)Nc5cccc(c5)C#N,6.285,0
Cc1cccc(n1)c2nn(cc2c3ccc4nc(C)nn4c3)C(=S)Nc5ccccc5,6.0649999999999995,0
Cc1cccc(n1)c2nn(cc2c3ccc4ncnn4c3)C(=S)NC5CCN(Cc6ccccc6)CC5,6.619999999999999,0
CN1CCC(CC1)NC(=S)n2cc(c3ccc4ncnn4c3)c(n2)c5cccc(C)n5,6.85,0
COc1cc(NC(=S)n2cc(c3ccc4ncnn4c3)c(n2)c5cccc(C)n5)cc(OC)c1,7.105,1
COc1ccc(NC(=S)n2cc(c3ccc4ncnn4c3)c(n2)c5cccc(C)n5)cc1OC,6.89,0
Cc1cccc(n1)c2nn(cc2c3ccc4ncnn4c3)C(=S)Nc5cc(cc(c5)C(F)(F)F)C(F)(F)F,6.84,0
Cc1cc(C)cc(NC(=S)n2cc(c3ccc4ncnn4c3)c(n2)c5cccc(C)n5)c1,6.835,0
Cc1cccc(n1)c2nn(cc2c3ccc4ncnn4c3)C(=S)Nc5ccc(C)c(C)c5,6.845,0
Cc1cccc(n1)c2nn(cc2c3ccc4ncnn4c3)C(=S)Nc5cc(Cl)cc(Cl)c5,6.914999999999999,0
Cc1cccc(n1)c2nn(cc2c3ccc4ncnn4c3)C(=S)Nc5ccc(Cl)c(Cl)c5,7.095,1
Cc1cccc(n1)c2nn(cc2c3ccc4ncnn4c3)C(=S)Nc5cc(F)cc(F)c5,6.955,0
Cc1cccc(n1)c2nn(cc2c3ccc4ncnn4c3)C(=S)Nc5ccc(F)c(F)c5,7.255,1
Cc1cccc(n1)c2nn(cc2c3ccc4ncnn4c3)C(=S)Nc5ccccc5OC(F)(F)F,6.91,0
COc1ccccc1NC(=S)n2cc(c3ccc4ncnn4c3)c(n2)c5cccc(C)n5,6.68,0
Cc1cccc(n1)c2nn(cc2c3ccc4ncnn4c3)C(=S)Nc5ccccc5C,6.915,0
Cc1cccc(n1)c2nn(cc2c3ccc4ncnn4c3)C(=S)Nc5ccccc5Cl,7.0200000000000005,1
Cc1cccc(n1)c2nn(cc2c3ccc4ncnn4c3)C(=S)Nc5ccccc5F,6.895,0
Cc1cccc(n1)c2nn(cc2c3ccc4ncnn4c3)C(=S)Nc5ccc(cc5)C(=O)N,6.555,0
Cc1cccc(n1)c2nn(cc2c3ccc4ncnn4c3)C(=S)Nc5ccc(cc5)C#N,6.904999999999999,0
Cc1cccc(n1)c2nn(cc2c3ccc4ncnn4c3)C(=S)Nc5ccc(OC(F)(F)F)cc5,6.880000000000001,0
COc1ccc(NC(=S)n2cc(c3ccc4ncnn4c3)c(n2)c5cccc(C)n5)cc1,7.220000000000001,1
Cc1cccc(n1)c2nn(cc2c3ccc4ncnn4c3)C(=S)Nc5ccc(cc5)C(F)(F)F,6.949999999999999,0
Cc1ccc(NC(=S)n2cc(c3ccc4ncnn4c3)c(n2)c5cccc(C)n5)cc1,6.855,0
Cc1cccc(n1)c2nn(cc2c3ccc4ncnn4c3)C(=S)Nc5ccc(Cl)cc5,6.835,0
Cc1cccc(n1)c2nn(cc2c3ccc4ncnn4c3)C(=S)Nc5ccc(F)cc5,6.785,0
Cc1cccc(n1)c2nn(cc2c3ccc4ncnn4c3)C(=S)Nc5cccc(c5)C(=O)N,6.915000000000001,0
Cc1cccc(n1)c2nn(cc2c3ccc4ncnn4c3)C(=S)Nc5cccc(c5)C#N,6.77,0
Cc1cccc(n1)c2nn(cc2c3ccc4ncnn4c3)C(=S)Nc5cccc(c5)C(F)(F)F,7.109999999999999,1
Cc1cccc(NC(=S)n2cc(c3ccc4ncnn4c3)c(n2)c5cccc(C)n5)c1,6.915,0
Cc1cccc(n1)c2nn(cc2c3ccc4ncnn4c3)C(=S)Nc5cccc(Cl)c5,6.9399999999999995,0
Cc1cccc(n1)c2nn(cc2c3ccc4ncnn4c3)C(=S)Nc5cccc(F)c5,6.8,0
Cc1cccc(n1)c2nn(cc2c3ccc4ncnn4c3)C(=S)Nc5ccccc5,7.050000000000001,1
Cc1cccc(n1)c2nn(cc2c3ccc4ncnn4c3)C(=S)Nc5cccc(OC(F)(F)F)c5,8.0,1
COc1cccc(NC(=S)n2cc(c3ccc4ncnn4c3)c(n2)c5cccc(C)n5)c1,8.65,1
COc1cc2c(Oc3ccc4[nH]c(C)cc4c3F)ncnc2cc1OCCCN5CCCC5,5.77,0
CSc1cccc(Nc2ncc3C=C(C(=O)N(C)c3n2)c4c(Cl)cccc4Cl)c1,5.82,0
C[C@@H](Oc1cc(cnc1N)c2cnn(c2)C3CCNCC3)c4c(Cl)ccc(F)c4Cl,6.0,0
COc1cc(ccc1Nc2ncc(Cl)c(Nc3ccccc3S(=O)(=O)C(C)C)n2)N4CCC(CC4)N5CCN(C)CC5,6.72,0
Cl.CN(C)CC(=O)N1CCC(CC1)c2ccc(NC(=O)c3nc(c[nH]3)C#N)c(c2)C4=CCCCC4,5.96,0
COC(=O)c1ccc2\C(=C(\Nc3ccc(cc3)N(C)C(=O)CN4CCN(C)CC4)/c5ccccc5)\C(=O)Nc2c1,5.38,0
CC(C)n1nc(c2cc3cc(O)ccc3[nH]2)c4c(N)ncnc14,7.0,1
OCCn1cc(c2ccc3\C(=N\O)\CCc3c2)c(n1)c4ccncc4,5.31,0
CN1CCN(CC1)c2cc(Nc3cc(C)[nH]n3)nc(Sc4ccc(NC(=O)C5CC5)cc4)n2,5.08,0
COc1cc(Nc2ncc(F)c(Nc3ccc4OC(C)(C)C(=O)Nc4n3)n2)cc(OC)c1OC,5.58,0
NC(=O)c1ccc(cc1)c2nc(c3nccs3)c([nH]2)c4ccc5OCOc5c4,5.765000000000001,0
Cc1csc(n1)c2nc([nH]c2c3ccc4OCOc4c3)c5ccc(cc5)C(=O)N,7.02,1
CCc1csc(n1)c2nc([nH]c2c3ccc4OCOc4c3)c5ccc(cc5)C(=O)N,6.295,0
NC(=O)c1ccc(cc1)c2nc(c3nc(Br)cs3)c([nH]2)c4ccc5OCOc5c4,6.49,0
Cc1nc(cs1)c2nc([nH]c2c3ccc4OCOc4c3)c5ccc(cc5)C(=O)N,6.3,0
Cc1csc(n1)c2nc(CN)[nH]c2c3ccc4OCOc4c3,5.77,0
Cc1csc(n1)c2nc(CCN)[nH]c2c3ccc4OCOc4c3,5.6899999999999995,0
Cc1csc(n1)c2nc(CCCN)[nH]c2c3ccc4OCOc4c3,6.045,0
Cc1csc(n1)c2nc(CNC(=O)c3ccccc3)[nH]c2c4ccc5OCOc5c4,6.495,0
CCCC(=O)NCc1nc(c2nc(C)cs2)c([nH]1)c3ccc4OCOc4c3,6.83,0
CCCC(=O)NCCc1nc(c2nc(C)cs2)c([nH]1)c3ccc4OCOc4c3,6.09,0
CCCC(=O)NCCCc1nc(c2nc(C)cs2)c([nH]1)c3ccc4OCOc4c3,6.035,0
Cc1csc(n1)c2nc([nH]c2c3ccc4OCOc4c3)C(=O)O,6.72,0
Cc1csc(n1)c2nc(CCC(=O)O)[nH]c2c3ccc4OCOc4c3,6.28,0
Cc1csc(n1)c2nc(CCCC(=O)O)[nH]c2c3ccc4OCOc4c3,6.89,0
Cc1csc(n1)c2nc(CCCCC(=O)O)[nH]c2c3ccc4OCOc4c3,7.52,1
CCCNC(=O)CCc1nc(c2nc(C)cs2)c([nH]1)c3ccc4OCOc4c3,6.21,0
CCCNC(=O)CCCc1nc(c2nc(C)cs2)c([nH]1)c3ccc4OCOc4c3,6.029999999999999,0
Cc1csc(n1)c2nc(CCCCC(=O)Nc3ccccc3)[nH]c2c4ccc5OCOc5c4,6.425,0
CCCNC(=O)CCCCc1nc(c2nc(C)cs2)c([nH]1)c3ccc4OCOc4c3,6.505,0
Cc1csc(n1)c2nc(CCCCC(=O)N)[nH]c2c3ccc4OCOc4c3,6.55,0
CC(=O)Nc1nc(c2nc(C)cs2)c([nH]1)c3ccc4OCOc4c3,5.84,0
Cc1csc(n1)c2nc(N)[nH]c2c3ccc4OCOc4c3,6.8,0
CCCC(=O)NCc1nc(c2nc(C)cs2)c([nH]1)c3ccc(O)cc3,6.404999999999999,0
CCCC(=O)NCc1nc(c2nc(C)cs2)c([nH]1)c3ccc(F)cc3,5.470000000000001,0
CCCC(=O)NCc1nc(c2nc(C)cs2)c([nH]1)c3ccc4ncsc4c3,7.795,1
Cc1csc(n1)c2nc([nH]c2c3ccc4OCOc4c3)C(=O)Nc5ccccc5,5.77,0
CCCNC(=O)c1nc(c2nc(C)cs2)c([nH]1)c3ccc4OCOc4c3,5.41,0
CCCC(=O)Nc1nc(c2nc(C)cs2)c([nH]1)c3ccc4OCOc4c3,5.68,0
CN1C=Nc2ccc(cc2C1=O)c3ccnn3c4cccc(C)n4,7.285,1
Cc1cccc(n1)n2nccc2c3ccc4N=CN(C=C)C(=O)c4c3,7.880000000000001,1
CN1C=Nc2ccc(cc2C1=O)c3c(C)cnn3c4cccc(C)n4,7.635,1
CN1C=Nc2ccc(cc2C1=O)c3cc(C)nn3c4cccc(C)n4,7.34,1
Cc1cccc(n1)n2ncc(C)c2c3ccc4N=CNC(=O)c4c3,8.105,1
CCc1cc(c2ccc3N=CN(C)C(=O)c3c2)n(n1)c4cccc(C)n4,7.779999999999999,1
Cc1cccc(n1)n2nccc2c3ccc4N=CNC(=O)c4c3,7.68,1
CCc1cnn(c2cccc(C)n2)c1c3ccc4N=CNC(=O)c4c3,8.015,1
CCN1C=Nc2ccc(cc2C1=O)c3ccnn3c4cccc(C)n4,6.655,0
Cc1cccc(n1)n2nc3CCCc3c2c4ccc5N=CNC(=O)c5c4,7.82,1
Cc1cccc(n1)c2sc(NCc3ccccc3F)nc2c4ccc5ncnn5c4,7.67,1
Cc1cccc(n1)c2sc(NCc3cccc(c3)C(=O)N)nc2c4ccc5ncnn5c4,7.92,1
Cc1cccc(n1)c2sc(NCc3cccc(c3)C#N)nc2c4ccc5ncnn5c4,7.6,1
Cc1cccc(n1)c2sc(NCc3ccccc3)nc2c4ccc5ncnn5c4,7.61,1
Cc1cccc(n1)c2nc(NCc3ccc(cc3)C(=O)N)sc2c4ccc5ncnn5c4,7.59,1
Cc1cccc(n1)c2nc(NCc3cccc(c3)C(=O)N)sc2c4ccc5ncnn5c4,7.87,1
COc1cc(CNc2nc(c3cccc(C)n3)c(s2)c4ccc5ncnn5c4)cc(OC)c1,7.78,1
COc1ccc(CNc2nc(c3cccc(C)n3)c(s2)c4ccc5ncnn5c4)cc1OC,7.32,1
COc1cccc(CNc2nc(c3cccc(C)n3)c(s2)c4ccc5ncnn5c4)c1OC,7.36,1
Cc1cc(C)cc(CNc2nc(c3cccc(C)n3)c(s2)c4ccc5ncnn5c4)c1,7.66,1
Cc1cccc(n1)c2nc(NCc3cccc(C)c3C)sc2c4ccc5ncnn5c4,7.66,1
Cc1cccc(n1)c2nc(NCc3cc(Cl)cc(Cl)c3)sc2c4ccc5ncnn5c4,7.82,1
Cc1cccc(n1)c2nc(NCc3ccc(Cl)c(Cl)c3)sc2c4ccc5ncnn5c4,7.66,1
Cc1cccc(n1)c2nc(NCc3cccc(Cl)c3Cl)sc2c4ccc5ncnn5c4,7.46,1
Cc1cccc(n1)c2nc(NCc3cc(F)cc(F)c3)sc2c4ccc5ncnn5c4,8.05,1
Cc1cccc(n1)c2nc(NCc3ccc(F)c(F)c3)sc2c4ccc5ncnn5c4,8.13,1
Cc1cccc(n1)c2nc(NCc3cccc(F)c3F)sc2c4ccc5ncnn5c4,7.53,1
Cc1cccc(n1)c2nc(NCc3ccccc3OC(F)(F)F)sc2c4ccc5ncnn5c4,7.45,1
Cc1cccc(n1)c2nc(NCc3ccccc3C)sc2c4ccc5ncnn5c4,7.77,1
Cc1cccc(n1)c2nc(NCc3ccccc3Cl)sc2c4ccc5ncnn5c4,7.81,1
Cc1cccc(n1)c2nc(NCc3ccccc3F)sc2c4ccc5ncnn5c4,7.98,1
Cc1cccc(n1)c2nc(NCc3ccc(cc3)C#N)sc2c4ccc5ncnn5c4,7.51,1
Cc1cccc(n1)c2nc(NCc3ccc(OC(F)(F)F)cc3)sc2c4ccc5ncnn5c4,7.21,1
COc1ccc(CNc2nc(c3cccc(C)n3)c(s2)c4ccc5ncnn5c4)cc1,7.61,1
Cc1ccc(CNc2nc(c3cccc(C)n3)c(s2)c4ccc5ncnn5c4)cc1,8.06,1
Cc1cccc(n1)c2nc(NCc3ccc(Cl)cc3)sc2c4ccc5ncnn5c4,7.8,1
Cc1cccc(n1)c2nc(NCc3ccc(F)cc3)sc2c4ccc5ncnn5c4,8.06,1
Cc1cccc(n1)c2nc(NCc3cccc(c3)C#N)sc2c4ccc5ncnn5c4,8.03,1
Cc1cccc(n1)c2nc(NCc3cccc(OC(F)(F)F)c3)sc2c4ccc5ncnn5c4,7.71,1
COc1cccc(CNc2nc(c3cccc(C)n3)c(s2)c4ccc5ncnn5c4)c1,7.94,1
Cc1cccc(CNc2nc(c3cccc(C)n3)c(s2)c4ccc5ncnn5c4)c1,7.95,1
Cc1cccc(n1)c2nc(NCc3cccc(Cl)c3)sc2c4ccc5ncnn5c4,7.99,1
Cc1cccc(n1)c2nc(NCc3cccc(F)c3)sc2c4ccc5ncnn5c4,8.15,1
Cc1cccc(n1)c2nc(NCc3ccccc3)sc2c4ccc5ncnn5c4,7.95,1
Cc1csc(n1)c2nc(CNC(=O)OCC(C)(C)C)[nH]c2c3ccc4ncsc4c3,7.5649999999999995,1
CC(C)COC(=O)NCc1nc(c2nc(C)cs2)c([nH]1)c3ccc4ncsc4c3,7.85,1
CC(C)OC(=O)NCc1nc(c2nc(C)cs2)c([nH]1)c3ccc4ncsc4c3,7.73,1
CCCCCOC(=O)NCc1nc(c2nc(C)cs2)c([nH]1)c3ccc4ncsc4c3,7.404999999999999,1
CCCCOC(=O)NCc1nc(c2nc(C)cs2)c([nH]1)c3ccc4ncsc4c3,7.584999999999999,1
CCCOC(=O)NCc1nc(c2nc(C)cs2)c([nH]1)c3ccc4ncsc4c3,7.790000000000001,1
COC(=O)NCc1nc(c2nc(C)cs2)c([nH]1)c3ccc4ncsc4c3,7.765,1
Cc1csc(n1)c2nc(CN3CCOC3=O)[nH]c2c4ccc5ncsc5c4,7.5649999999999995,1
CCOC(=O)NCc1nc(c2nc(C)cs2)c([nH]1)c3ccc4ncsc4c3,7.904999999999999,1
CCCS(=O)(=O)NCc1nc(c2nc(C)cs2)c([nH]1)c3ccc4ncsc4c3,7.295,1
CCNC(=O)NCc1nc(c2nc(C)cs2)c([nH]1)c3ccc4ncsc4c3,7.425,1
CC(=O)NCCCc1nc(c2nc(C)cs2)c([nH]1)c3ccc4ncsc4c3,7.2,1
CCC(=O)NCCc1nc(c2nc(C)cs2)c([nH]1)c3ccc4ncsc4c3,7.244999999999999,1
CCNC(=O)OCc1nc(c2nc(C)cs2)c([nH]1)c3ccc4ncsc4c3,7.585000000000001,1
Cc1csc(n1)c2nc(CCCCC(=O)N)[nH]c2c3ccc4ncsc4c3,7.4,1
CNC(=O)CCCc1nc(c2nc(C)cs2)c([nH]1)c3ccc4ncsc4c3,7.035,1
CCNC(=O)CCc1nc(c2nc(C)cs2)c([nH]1)c3ccc4ncsc4c3,7.535,1
CCCCNC(=O)c1nc(c2nc(C)cs2)c([nH]1)c3ccc4ncsc4c3,6.865,0
CCCC(=O)CCc1nc(c2nc(C)cs2)c([nH]1)c3ccc4ncsc4c3,7.715,1
CCCCNCc1nc(c2nc(C)cs2)c([nH]1)c3ccc4ncsc4c3,7.515,1
CCCC(=O)N(C)Cc1nc(c2nc(C)cs2)c([nH]1)c3ccc4ncsc4c3,7.255,1
Cc1csc(n1)c2nc(CN3CCCC3=O)[nH]c2c4ccc5ncsc5c4,7.234999999999999,1
Cc1csc(n1)c2nc([nH]c2c3ccc4ncsc4c3)C5CCOCC5,7.34,1
Cc1csc(n1)c2nc([nH]c2c3ccc4ncsc4c3)C5CCC(=O)CC5,7.345,1
Cc1csc(n1)c2nc([nH]c2c3ccc4ncsc4c3)C5CCCCC5,7.52,1
Cc1csc(n1)c2nc([nH]c2c3ccc4ncsc4c3)C5CCCC5,7.73,1
Cc1csc(n1)c2nc([nH]c2c3ccc4ncsc4c3)C5CC5,7.705,1
Cc1csc(n1)c2nc([nH]c2c3ccc4ncsc4c3)C(F)(F)F,7.775,1
CCCCCCc1nc(c2nc(C)cs2)c([nH]1)c3ccc4ncsc4c3,7.535,1
Cc1csc(n1)c2nc([nH]c2c3ccc4ncsc4c3)C(C)(C)C,7.51,1
CC(C)Cc1nc(c2nc(C)cs2)c([nH]1)c3ccc4ncsc4c3,7.710000000000001,1
CC(C)c1nc(c2nc(C)cs2)c([nH]1)c3ccc4ncsc4c3,7.705,1
CCCc1nc(c2nc(C)cs2)c([nH]1)c3ccc4ncsc4c3,7.785,1
CCc1nc(c2nc(C)cs2)c([nH]1)c3ccc4ncsc4c3,7.755000000000001,1
Cc1csc(n1)c2nc(C)[nH]c2c3ccc4ncsc4c3,8.004999999999999,1
Cc1csc(n1)c2nc[nH]c2c3ccc4ncsc4c3,8.315000000000001,1
Cc1csc(n1)c2nc([nH]c2c3ccc4ncsc4c3)C5CCNCC5,6.62,0
Cc1cccc(n1)n2nnc(Cc3ccccc3)c2c4ccc5nccnc5c4,5.33,0
COc1ccccc1c2nnn(c3cccc(C)n3)c2c4ccc5nccnc5c4,4.46,0
Cc1cccc(n1)n2nnc(CCCCO)c2c3ccc4nccnc4c3,4.29,0
CC(C)CCc1nnn(c2cccc(C)n2)c1c3ccc4nccnc4c3,5.07,0
CCCCc1nnn(c2cccc(C)n2)c1c3ccc4nccnc4c3,5.13,0
CC(C)(C)c1nc(c2cccc(NS(=O)(=O)c3c(F)cccc3F)c2F)c(s1)c4ccnc(N)n4,5.43,0
COc1ccc(cc1)c2cnc3c(cnn3c2)c4ccnc5ccccc45,4.48,0
C(CN1CCCCC1)Oc2ccc(cc2)c3cnc4c(cnn4c3)c5ccncc5,4.927499999999999,0
C1CN(CCO1)c2ccc(cc2)c3cnc4c(cnn4c3)c5cn[nH]c5,4.96,0
C1CN(CCN1)c2ccc(cc2)c3cnc4c(cnn4c3)c5cccc6ncccc56,5.4,0
C1CN(CCN1)c2ccc(cc2)c3cnc4c(cnn4c3)c5cn[nH]c5,5.48,0
C1CN(CCN1)c2ccc(cc2)c3cnc4c(cnn4c3)c5ccnc6ccccc56,6.275,0
C1CN(CCO1)c2ccc(cc2)c3cnc4c(cnn4c3)c5ccnc6ccccc56,6.75,0
CN1CCN(CC1)c2ccc(cc2)c3cnc4c(cnn4c3)c5ccnc6ccccc56,7.12,1
Cc1cccc(n1)c2nc(cn2c3ccc4OCOc4c3)C(=O)N,5.42,0
Cc1cccc(n1)c2nc(CNc3ccc(cc3)C(=O)N)cn2c4ccc5OCOc5c4,6.1,0
Cc1cccc(n1)c2nc(CNc3ccc(cc3)C#N)cn2c4ccc5OCOc5c4,6.19,0
Cc1cccc(n1)c2nc(CNc3ccc(cc3)S(=O)(=O)N)cn2c4ccc5OCOc5c4,6.62,0
Cc1cccc(n1)c2nc(CNC(=O)Nc3ccccc3)cn2c4ccc5OCOc5c4,6.02,0
Cc1cccc(n1)c2nc(CNC(=O)N3CCOCC3)cn2c4ccc5OCOc5c4,5.75,0
CC(C)NC(=O)NCc1cn(c2ccc3OCOc3c2)c(n1)c4cccc(C)n4,5.68,0
Cc1cccc(n1)c2nc(CN3C(=O)c4ccccc4C3=O)cn2c5ccc6OCOc6c5,5.47,0
Cc1cccc(n1)c2nc(CO)cn2c3ccc4OCOc4c3,6.0,0
CCOC(=O)c1cn(c2ccc3OCOc3c2)c(n1)c4cccc(C)n4,5.61,0
Cc1cccc(n1)c2[nH]c(CNC(=O)c3cccc(c3)C(=O)N)nc2c4ccc5ncnn5c4,6.97,0
Cc1cccc(n1)c2[nH]c(CNC(=O)c3cccc(c3)C#N)nc2c4ccc5ncnn5c4,7.05,1
Cc1cccc(n1)c2nn(CC(=O)Nc3ccccc3F)cc2c4ccc5ncnn5c4,7.07,1
Cc1cccc(n1)c2nn(CC(=O)Nc3ccccc3)cc2c4ccc5ncnn5c4,7.11,1
Cc1cccc(n1)c2[nH]c(CNC(=O)c3ccccc3)nc2c4ccc5ncnn5c4,7.24,1
Cc1cccc(n1)c2[nH]c(CNC(=S)c3ccccc3)nc2c4ccc5ncnn5c4,7.32,1
Cc1cccc(n1)c2[nH]c(CNC(=O)c3ccccc3F)nc2c4ccc5ncnn5c4,7.43,1
Cc1cccc(n1)c2nn(CC(=O)Nc3cccc(c3)C(=O)N)cc2c4ccc5ncnn5c4,7.44,1
Cc1cccc(n1)c2[nH]c(CNC(=S)c3cccc(c3)C#N)nc2c4ccc5ncnn5c4,7.44,1
Cc1cccc(n1)c2nn(CC(=S)Nc3ccccc3F)cc2c4ccc5ncnn5c4,7.54,1
Cc1cccc(n1)c2nn(CC(=O)Nc3cccc(c3)C#N)cc2c4ccc5ncnn5c4,7.57,1
Cc1cccc(n1)c2[nH]c(CNC(=S)c3ccccc3F)nc2c4ccc5ncnn5c4,7.57,1
Cc1cccc(n1)c2[nH]c(CNC(=S)c3cccc(c3)C(=O)N)nc2c4ccc5ncnn5c4,7.66,1
Cc1cccc(n1)c2nn(CC(=S)Nc3cccc(c3)C#N)cc2c4ccc5ncnn5c4,7.75,1
COc1cccc(NCc2nc(c3ccc4ncnn4c3)c([nH]2)c5cccc(C)n5)c1OC,7.24,1
Cc1cccc(n1)c2[nH]c(CNc3cccc(C#N)c3C#N)nc2c4ccc5ncnn5c4,7.68,1
Cc1cccc(n1)c2[nH]c(CNc3ccc(F)c(F)c3)nc2c4ccc5ncnn5c4,8.0,1
Cc1cccc(n1)c2[nH]c(CNc3ccc(Cl)c(Cl)c3)nc2c4ccc5ncnn5c4,8.1,1
Cc1cccc(n1)c2[nH]c(CNc3ccc(C)c(C)c3)nc2c4ccc5ncnn5c4,7.77,1
COc1ccc(NCc2nc(c3ccc4ncnn4c3)c([nH]2)c5cccc(C)n5)cc1OC,7.36,1
Cc1cccc(n1)c2[nH]c(CNc3cc(F)cc(F)c3)nc2c4ccc5ncnn5c4,8.22,1
Cc1cccc(n1)c2[nH]c(CNc3cc(Cl)cc(Cl)c3)nc2c4ccc5ncnn5c4,7.82,1
Cc1cc(C)cc(NCc2nc(c3ccc4ncnn4c3)c([nH]2)c5cccc(C)n5)c1,7.85,1
COc1cc(NCc2nc(c3ccc4ncnn4c3)c([nH]2)c5cccc(C)n5)cc(OC)c1,7.85,1
CN(C)c1ccc(F)c(NCc2nc(c3ccc4ncnn4c3)c([nH]2)c5cccc(C)n5)c1,8.54,1
CN(C)Cc1ccc(F)c(NCc2nc(c3ccc4ncnn4c3)c([nH]2)c5cccc(C)n5)c1,7.82,1
CN(C)Cc1cccc(NCc2nc(c3ccc4ncnn4c3)c([nH]2)c5cccc(C)n5)c1F,7.96,1
Cc1cccc(n1)c2[nH]c(CNc3cccc(CN4CCCC4)c3F)nc2c5ccc6ncnn6c5,7.66,1
Cc1cccc(n1)c2[nH]c(CNc3cccc(CN4CCOCC4)c3F)nc2c5ccc6ncnn6c5,8.17,1
CN(C)Cc1c(NCc2nc(c3ccc4ncnn4c3)c([nH]2)c5cccc(C)n5)cccc1C#N,8.62,1
Cc1cccc(n1)c2[nH]c(CNc3cccc(C#N)c3CN4CCCC4)nc2c5ccc6ncnn6c5,8.25,1
Cc1cccc(n1)c2[nH]c(CNc3cccc(C#N)c3CN4CCOCC4)nc2c5ccc6ncnn6c5,8.09,1
CN(C)c1cc(NCc2nc(c3ccc4ncnn4c3)c([nH]2)c5cccc(C)n5)cc(c1)C#N,8.59,1
CN(C)Cc1cc(NCc2nc(c3ccc4ncnn4c3)c([nH]2)c5cccc(C)n5)cc(c1)C#N,8.31,1
Cc1cccc(n1)c2[nH]c(CNc3cc(CN4CCCC4)cc(c3)C#N)nc2c5ccc6ncnn6c5,7.75,1
Cc1cccc(n1)c2[nH]c(CNc3cc(CN4CCOCC4)cc(c3)C#N)nc2c5ccc6ncnn6c5,8.48,1
CN(C)c1ccc(cc1NCc2nc(c3ccc4ncnn4c3)c([nH]2)c5cccc(C)n5)C#N,8.89,1
CN(C)Cc1ccc(cc1NCc2nc(c3ccc4ncnn4c3)c([nH]2)c5cccc(C)n5)C#N,8.51,1
Cc1cccc(n1)c2[nH]c(CNc3cc(ccc3CN4CCCC4)C#N)nc2c5ccc6ncnn6c5,8.17,1
Cc1cccc(n1)c2[nH]c(CNc3cc(ccc3CN4CCOCC4)C#N)nc2c5ccc6ncnn6c5,8.32,1
Cc1cccc(n1)c2[nH]c(CNc3ccccc3F)nc2c4ccc5ncnn5c4,7.960000000000001,1
Cc1cccc(n1)c2[nH]c(COc3ccccc3)nc2c4ccc5ncnn5c4,7.89,1
Cc1cccc(n1)c2[nH]c(CSc3ccccc3)nc2c4ccc5ncnn5c4,7.68,1
Cc1cccc(n1)c2[nH]c(CNc3ccccc3)nc2c4ccc5ncnn5c4,7.89,1
Cc1cccc(n1)c2[nH]c(CNc3ccccc3Cl)nc2c4ccc5ncnn5c4,8.05,1
Cc1cccc(n1)c2[nH]c(CNc3ccccc3Br)nc2c4ccc5ncnn5c4,8.15,1
Cc1cccc(n1)c2[nH]c(CNc3ccccc3C)nc2c4ccc5ncnn5c4,7.85,1
CCc1ccccc1NCc2nc(c3ccc4ncnn4c3)c([nH]2)c5cccc(C)n5,7.96,1
CC(C)c1ccccc1NCc2nc(c3ccc4ncnn4c3)c([nH]2)c5cccc(C)n5,7.85,1
COc1ccccc1NCc2nc(c3ccc4ncnn4c3)c([nH]2)c5cccc(C)n5,7.85,1
Cc1cccc(n1)c2[nH]c(CNc3ccccc3OC(F)(F)F)nc2c4ccc5ncnn5c4,7.92,1
CSc1ccccc1NCc2nc(c3ccc4ncnn4c3)c([nH]2)c5cccc(C)n5,8.0,1
Cc1cccc(n1)c2[nH]c(CNc3ccccc3C=C)nc2c4ccc5ncnn5c4,7.85,1
Cc1cccc(n1)c2[nH]c(CNc3ccccc3C#N)nc2c4ccc5ncnn5c4,7.7,1
Cc1cccc(n1)c2[nH]c(CNc3ccccc3C(=O)N)nc2c4ccc5ncnn5c4,7.52,1
Cc1cccc(n1)c2[nH]c(CNc3ccccc3NS(=O)(=O)C)nc2c4ccc5ncnn5c4,7.82,1
CC(=O)Nc1ccccc1NCc2nc(c3ccc4ncnn4c3)c([nH]2)c5cccc(C)n5,7.4,1
Cc1cccc(n1)c2[nH]c(CNc3cccc(F)c3)nc2c4ccc5ncnn5c4,8.05,1
Cc1cccc(n1)c2[nH]c(CNc3cccc(Cl)c3)nc2c4ccc5ncnn5c4,8.22,1
Cc1cccc(n1)c2[nH]c(CNc3cccc(Br)c3)nc2c4ccc5ncnn5c4,8.3,1
Cc1cccc(NCc2nc(c3ccc4ncnn4c3)c([nH]2)c5cccc(C)n5)c1,8.05,1
CCc1cccc(NCc2nc(c3ccc4ncnn4c3)c([nH]2)c5cccc(C)n5)c1,8.1,1
CC(C)c1cccc(NCc2nc(c3ccc4ncnn4c3)c([nH]2)c5cccc(C)n5)c1,7.8,1
COc1cccc(NCc2nc(c3ccc4ncnn4c3)c([nH]2)c5cccc(C)n5)c1,7.85,1
Cc1cccc(n1)c2[nH]c(CNc3cccc(OC(F)(F)F)c3)nc2c4ccc5ncnn5c4,7.64,1
CSc1cccc(NCc2nc(c3ccc4ncnn4c3)c([nH]2)c5cccc(C)n5)c1,8.15,1
Cc1cccc(n1)c2[nH]c(CNc3cccc(C=C)c3)nc2c4ccc5ncnn5c4,7.92,1
Cc1cccc(n1)c2[nH]c(CNc3cccc(c3)C#N)nc2c4ccc5ncnn5c4,8.3,1
Cc1cccc(n1)c2[nH]c(CNc3cccc(c3)C(=O)N)nc2c4ccc5ncnn5c4,8.05,1
Cc1cccc(n1)c2[nH]c(CNc3cccc(CC#N)c3)nc2c4ccc5ncnn5c4,7.96,1
CC(=O)c1cccc(NCc2nc(c3ccc4ncnn4c3)c([nH]2)c5cccc(C)n5)c1,7.89,1
COC(=O)c1cccc(NCc2nc(c3ccc4ncnn4c3)c([nH]2)c5cccc(C)n5)c1,7.77,1
Cc1cccc(n1)c2[nH]c(CNc3cccc(NS(=O)(=O)C)c3)nc2c4ccc5ncnn5c4,7.82,1
CC(=O)Nc1cccc(NCc2nc(c3ccc4ncnn4c3)c([nH]2)c5cccc(C)n5)c1,7.82,1
Cc1cccc(n1)c2[nH]c(CNc3ccc(F)cc3)nc2c4ccc5ncnn5c4,7.77,1
Cc1cccc(n1)c2[nH]c(CNc3ccc(Cl)cc3)nc2c4ccc5ncnn5c4,7.96,1
Cc1cccc(n1)c2[nH]c(CNc3ccc(Br)cc3)nc2c4ccc5ncnn5c4,7.77,1
Cc1ccc(NCc2nc(c3ccc4ncnn4c3)c([nH]2)c5cccc(C)n5)cc1,7.8,1
CC(C)c1ccc(NCc2nc(c3ccc4ncnn4c3)c([nH]2)c5cccc(C)n5)cc1,7.34,1
COc1ccc(NCc2nc(c3ccc4ncnn4c3)c([nH]2)c5cccc(C)n5)cc1,7.32,1
Cc1cccc(n1)c2[nH]c(CNc3ccc(OC(F)(F)F)cc3)nc2c4ccc5ncnn5c4,7.22,1
CSc1ccc(NCc2nc(c3ccc4ncnn4c3)c([nH]2)c5cccc(C)n5)cc1,7.4,1
Cc1cccc(n1)c2[nH]c(CNc3ccc(C=C)cc3)nc2c4ccc5ncnn5c4,7.52,1
Cc1cccc(n1)c2[nH]c(CNc3ccc(cc3)C#N)nc2c4ccc5ncnn5c4,7.5,1
Cc1cccc(n1)c2[nH]c(CNc3ccc(cc3)C(=O)N)nc2c4ccc5ncnn5c4,7.26,1
Cc1cccc(n1)c2[nH]c(CNc3ccc(CC#N)cc3)nc2c4ccc5ncnn5c4,7.6,1
CC(=O)c1ccc(NCc2nc(c3ccc4ncnn4c3)c([nH]2)c5cccc(C)n5)cc1,7.23,1
COC(=O)c1ccc(NCc2nc(c3ccc4ncnn4c3)c([nH]2)c5cccc(C)n5)cc1,7.11,1
Cc1cccc(n1)c2[nH]c(CNc3ccc(NS(=O)(=O)C)cc3)nc2c4ccc5ncnn5c4,7.33,1
CC(=O)Nc1ccc(NCc2nc(c3ccc4ncnn4c3)c([nH]2)c5cccc(C)n5)cc1,7.41,1
Cc1cccc(n1)c2[nH]c(CNc3cccc(F)c3F)nc2c4ccc5ncnn5c4,8.05,1
Cc1cccc(n1)c2[nH]c(CNc3cccc(Cl)c3Cl)nc2c4ccc5ncnn5c4,7.92,1
Cc1cccc(n1)c2[nH]c(CNc3cccc(C)c3C)nc2c4ccc5ncnn5c4,7.75,1
COc1cc(cc(OC)c1OC)c2cc(cnc2N)c3cccc(O)c3,6.01,0
COc1cc(cc(OC)c1OC)c2cc(cnc2N)c3cccc(NS(=O)(=O)C)c3,6.665,0
COc1cc(cc(OC)c1OC)c2cc(cnc2N)c3cccc(c3)N4CCNCC4,7.135,1
COc1cc(cc(OC)c1OC)c2cc(cnc2N)c3ccc(cc3)N4CCNCC4,6.865,0
COc1ccc(cc1OC)c2cc(cnc2N)c3ccc(cc3)N4CCNCC4,5.02,0
COc1cc(OC)cc(c1)c2cc(cnc2N)c3ccc(cc3)N4CCNCC4,6.095000000000001,0
COc1cccc(c1)c2cc(cnc2N)c3ccc(cc3)N4CCNCC4,5.165,0
Nc1ncc(cc1c2ccc3OCCOc3c2)c4ccc(cc4)N5CCNCC5,4.62,0
CC(C)Oc1cccc(c1)c2cc(cnc2N)c3ccc(cc3)N4CCNCC4,5.715,0
COc1cc(ccc1Cl)c2cc(cnc2N)c3ccc(cc3)N4CCNCC4,5.48,0
COc1cc(ccc1C)c2cc(cnc2N)c3ccc(cc3)N4CCNCC4,4.5649999999999995,0
COc1cc(cc(OC)c1OC)c2cncc(c2)c3ccc(cc3)N4CCNCC4,6.255,0
COc1cc(cc(OC)c1OC)c2cc(cnc2C)c3ccc(cc3)N4CCNCC4,5.16,0
Nc1ncc(cc1c2ccnc3ccccc23)c4ccc(cc4)N5CCNCC5,5.025,0
Nc1ncc(cc1c2ccnc3ccccc23)c4cccc(c4)N5CCNCC5,5.425,0
Nc1ncc(cc1c2cccc3ncccc23)c4ccc(cc4)N5CCNCC5,4.23,0
COc1cc(cc(OC)c1OC)c2cnn3cc(cnc23)c4ccc(cc4)N5CCNCC5,6.82,0
COc1cc(cc(OC)c1OC)c2cc(cnc2N)c3ccc(O)cc3,6.24,0
COc1cc(ccc1O)c2cnc(N)c(c2)c3cc(OC)c(OC)c(OC)c3,5.64,0
COc1ccc(cc1)c2cc(cnc2N)c3ccc(cc3)N4CCNCC4,4.02,0
CNc1ncc(cc1c2cc(OC)c(OC)c(OC)c2)c3ccc(cc3)N4CCNCC4,4.55,0
COc1cc(cc(OC)c1OC)c2cc(cnc2Cl)c3ccc(cc3)N4CCNCC4,4.0,0
COc1cc(cc(OC)c1OC)c2cc(cnc2OC)c3ccc(cc3)N4CCNCC4,4.09,0
COc1cc(OC)cc(c1)c2cncc(c2)c3ccc(cc3)N4CCNCC4,4.58,0
Cc1cccc(n1)c2nn3CCCc3c2c4ccnc5ccc(cc45)C(=O)N,7.16,1
Cc1nc(ccc1F)c2[nH]c(CNc3cccc(C=C)c3)nc2c4ccc5ncnn5c4,7.86,1
Cc1nc(ccc1F)c2[nH]c(CNc3cccc(c3)C(=O)N)nc2c4ccc5ncnn5c4,7.97,1
Cc1nc(ccc1F)c2[nH]c(CNc3cccc(c3)C#N)nc2c4ccc5ncnn5c4,8.12,1
Cc1nc(ccc1F)c2[nH]c(CNc3ccccc3F)nc2c4ccc5ncnn5c4,7.9,1
Cc1nc(ccc1F)c2[nH]c(CNc3ccccc3)nc2c4ccc5ncnn5c4,8.04,1
Cc1cc(F)cc(n1)c2[nH]c(CNc3ccccc3F)nc2c4ccc5ncnn5c4,7.38,1
Cc1cc(F)cc(n1)c2[nH]c(CNc3ccccc3)nc2c4ccc5ncnn5c4,7.14,1
Cc1ccc(F)c(n1)c2[nH]c(CNc3cccc(C=C)c3)nc2c4ccc5ncnn5c4,8.01,1
Cc1ccc(F)c(n1)c2[nH]c(CNc3cccc(c3)C(=O)N)nc2c4ccc5ncnn5c4,7.96,1
Cc1ccc(F)c(n1)c2[nH]c(CNc3cccc(c3)C#N)nc2c4ccc5ncnn5c4,8.04,1
Cc1ccc(F)c(n1)c2[nH]c(CNc3ccccc3F)nc2c4ccc5ncnn5c4,7.92,1
Cc1ccc(F)c(n1)c2[nH]c(CNc3ccccc3)nc2c4ccc5ncnn5c4,8.01,1
CC(C)(C)OC(=O)N1CCC(CNS(=O)(=O)c2cccc(c2)S(=O)(=O)Nc3ccccc3)CC1,4.57,0
COc1ccc(NS(=O)(=O)c2cccc(c2)S(=O)(=O)NCC3CCN(CC3)C(=O)OC(C)(C)C)cc1,4.77,0
COc1cccc(NS(=O)(=O)c2cccc(c2)S(=O)(=O)NCC3CCN(CC3)C(=O)OC(C)(C)C)c1,4.66,0
COc1ccccc1NS(=O)(=O)c2cccc(c2)S(=O)(=O)NCC3CCN(CC3)C(=O)OC(C)(C)C,4.52,0
CC(C)(C)OC(=O)N1CCC(CNS(=O)(=O)c2cccc(c2)S(=O)(=O)Nc3ccc(cc3)C(F)(F)F)CC1,5.1,0
CC(=O)Nc1ccccc1NS(=O)(=O)c2cccc(c2)S(=O)(=O)NCC3CCN(CC3)C(=O)OC(C)(C)C,4.75,0
Cc1ccccc1NS(=O)(=O)c2cccc(c2)S(=O)(=O)NCC3CCN(CC3)C(=O)OC(C)(C)C,4.85,0
CC(C)(C)OC(=O)N1CCC(CNS(=O)(=O)c2cccc(c2)S(=O)(=O)Nc3ccc(cc3)C(C)(C)C)CC1,5.7,0
CC(C)(C)OC(=O)N1CCC(CNS(=O)(=O)c2cccc(c2)S(=O)(=O)Nc3ccc(cc3)N4CCCCC4)CC1,5.62,0
CCN(CC)c1ccc(NS(=O)(=O)c2cccc(c2)S(=O)(=O)NCC3CCN(CC3)C(=O)OC(C)(C)C)cc1,5.44,0
CN(C)c1ccc(NS(=O)(=O)c2cccc(c2)S(=O)(=O)NCC3CCN(CC3)C(=O)OC(C)(C)C)cc1,4.82,0
CC(C)(C)OC(=O)N1CCC(CNS(=O)(=O)c2cccc(c2)S(=O)(=O)Nc3ccc(cc3)N4CCOCC4)CC1,4.62,0
CC(C)(C)OC(=O)N1CCC(CNS(=O)(=O)c2cccc(c2)S(=O)(=O)Nc3ccc(O)cc3)CC1,4.8,0
CC(C)(C)OC(=O)N1CCC(CNS(=O)(=O)c2cccc(c2)S(=O)(=O)Nc3ccc(cc3)N=[N+]=[N-])CC1,6.16,0
CC(C)(C)OC(=O)N1CCC(CNS(=O)(=O)c2cccc(c2)S(=O)(=O)Nc3ccc(cc3)N4CCN(CC4)C(=O)OC(C)(C)C)CC1,5.82,0
CC(C)(C)OC(=O)N1CCC(CNS(=O)(=O)c2cccc(c2)S(=O)(=O)Nc3ccc(cc3)N4CCN(CC4)C(=O)c5ccccc5)CC1,5.14,0
CN(C)c1ccc(NS(=O)(=O)c2cccc(c2)S(=O)(=O)NCC3CCN(CC3)C(=O)OC(C)(C)C)cc1c4occc4,6.22,0
CC(C)(C)OC(=O)N1CCC(CNS(=O)(=O)c2cccc(c2)S(=O)(=O)Nc3ccc(N4CCCCC4)c(c3)c5occc5)CC1,5.6,0
CC(C)(C)OC(=O)N1CCC(CNS(=O)(=O)c2cccc(c2)S(=O)(=O)Nc3cccc(c3)c4occc4)CC1,5.17,0
CC(C)(C)OC(=O)N1CCC(CNS(=O)(=O)c2cccc(c2)S(=O)(=O)Nc3cccc(c3)c4cccs4)CC1,5.34,0
Cc1cccc(n1)n2nccc2c3cc4cnccc4s3,7.43,1
Cc1cccc(n1)n2nc(C)cc2c3cc4cnccc4s3,6.8625,0
CCc1cc(c2cc3cnccc3s2)n(n1)c4cccc(C)n4,6.825,0
CCc1cnn(c2cccc(C)n2)c1c3cc4cnccc4s3,8.1875,1
Cc1cccc(n1)n2nc3CCCc3c2c4cc5cnccc5s4,7.795,1
Cc1cccc(n1)n2nc(C)c(C)c2c3cc4cnccc4s3,7.24,1
Cc1cccc(n1)n2ncc(C)c2c3cc4cnccc4s3,7.9975,1
Cc1cccc(n1)n2ncc(C)c2c3cc4ccncc4s3,7.9174999999999995,1
Cc1cccc(n1)n2nc3CCCc3c2c4cc5ccncc5s4,7.6,1
CN(C)CCCOc1ccc(cc1)c2cnc3c(cnn3c2)c4ccnc5ccccc45,6.0,0
C1CN(CCN1)c2ccc(cc2)c3cnc4c(cnn4c3)c5ccccc5,6.25,0
C(CN1CCOCC1)Oc2ccc(cc2)c3cnc4c(cnn4c3)c5ccnc6ccccc56,5.8,0
Clc1cnc2OCOc2c1Nc3ccnc(NC(=O)C4CC4)c3,8.72,1
COc1cc(cc(OC)c1CN(C)C)C2=CN(C)C(=O)c3cnccc23,5.42,0
COc1cc(C2=CN(C)C(=O)c3cnccc23)c(OC)cc1CN(C)C,5.29,0
O=C(NCC#N)c1ccc(cc1)c2ccnc(Nc3ccc(cc3)N4CCOCC4)n2,6.43,0
